idx,copy,bit,peak_mV,tail_mV,detected
0,0,25,804.3,40.9,1
1,0,38,17.6,17.0,1
2,0,39,15.9,9.9,1
3,0,37,13.9,12.1,1
4,0,24,253.2,17.9,1
5,0,39,17.9,12.7,1
6,0,13,18.1,17.1,1
7,0,3,14.6,11.9,1
8,0,40,16.4,13.1,1
9,0,32,13.9,12.0,1
10,0,53,13343.4,1830.3,1
11,0,50,10958.6,1400.0,1
12,0,43,730.3,14.0,1
13,0,12,16.8,12.6,1
14,0,9,1089.2,54.9,1
15,0,49,2628.3,135.3,1
16,0,42,47.8,9.8,1
17,0,26,14.0,11.9,1
18,0,46,329.0,17.6,1
19,0,48,1301.4,64.9,1
20,0,18,263.0,22.6,1
21,0,41,22.0,11.7,1
22,0,25,256.7,23.9,1
23,0,20,811.1,43.5,1
24,0,40,17.8,13.3,1
25,0,15,42.2,13.8,1
26,0,33,14.5,12.3,1
27,0,20,258.6,23.5,1
28,0,36,19.5,9.9,1
29,0,25,806.4,38.8,1
30,0,33,15.7,15.7,1
31,0,0,16.1,11.6,1
32,0,17,145.9,11.8,1
33,0,1,17.8,12.0,1
34,0,19,543.4,27.5,1
35,0,14,23.6,14.4,1
36,0,42,27.6,12.6,1
37,0,2,15.9,13.0,1
38,0,0,14.0,14.0,1
39,0,15,46.0,10.4,1
40,0,43,46.5,14.2,1
41,0,20,809.1,46.3,1
42,0,16,75.6,20.3,1
43,0,27,13.7,12.3,1
44,0,26,14.1,13.8,1
45,0,10,12.9,12.9,1
46,0,38,13.7,9.6,1
47,0,0,13.9,12.2,1
48,0,26,13.8,13.8,1
49,0,47,659.7,38.6,1
50,0,11,18.4,11.8,1
51,0,44,87.3,9.3,1
52,0,43,42.5,13.7,1
53,0,43,44.6,12.8,1
54,0,10,17.6,13.7,1
55,0,6,12.2,12.1,1
56,0,38,15.6,15.6,1
57,0,30,14.5,11.9,1
58,0,47,659.6,40.3,1
59,0,49,2630.1,141.8,1
60,0,15,60.2,9.8,1
61,0,23,258.1,22.6,1
62,0,33,19.8,14.1,1
63,0,27,12.5,11.7,1
64,0,37,12.5,11.2,1
65,0,20,252.9,20.7,1
66,0,3,19.2,12.9,1
67,0,33,14.0,11.6,1
68,0,57,1935.3,106.4,1
69,0,44,88.2,9.6,1
70,0,42,21.7,11.8,1
71,0,29,14.2,12.4,1
72,0,42,26.2,14.8,1
73,0,29,15.2,14.5,1
74,0,34,15.6,8.9,1
75,0,38,12.4,12.2,1
76,0,56,13340.7,1831.3,1
77,0,53,13033.2,1769.1,1
78,0,10,983.6,21.4,1
79,0,7,342.2,16.2,1
80,0,54,13352.3,1832.0,1
81,0,36,1143.5,17.8,1
82,0,55,13339.3,1834.0,1
83,0,52,13033.9,1763.4,1
84,0,6,1024.7,19.2,1
85,0,52,13339.2,1834.1,1
86,0,24,1462.9,34.8,1
87,0,39,17.2,12.7,1
88,0,37,12.3,11.7,1
89,0,31,14.0,8.5,1
90,0,20,252.6,21.4,1
91,0,45,165.8,12.2,1
92,0,7,199.3,10.0,1
93,0,1,15.9,13.1,1
94,0,53,13344.4,1826.4,1
95,0,57,2005.2,108.6,1
96,0,34,34.0,13.6,1
97,0,6,16.4,12.8,1
98,0,11,14.5,14.1,1
99,0,51,13339.3,1828.1,1
100,0,37,1155.9,16.5,1
101,0,27,16.1,14.1,1
102,0,10,14.2,11.9,1
103,0,30,14.0,11.8,1
104,0,22,256.0,17.0,1
105,0,19,550.9,27.7,1
106,0,29,17.6,13.6,1
107,0,4,14.5,14.5,1
108,0,28,12.3,12.1,1
109,0,50,9798.6,1199.0,1
110,0,12,602.0,16.2,1
111,0,1,15.3,13.9,1
112,0,21,261.7,17.7,1
113,0,8,112.6,11.0,1
114,0,27,17.7,14.7,1
115,0,47,661.6,40.5,1
116,0,17,147.5,9.1,1
117,0,46,327.5,23.1,1
118,0,35,16.0,10.8,1
119,0,39,15.9,13.6,1
120,0,12,17.7,13.6,1
121,0,28,13.9,7.8,1
122,0,20,256.1,18.0,1
123,0,14,32.1,12.2,1
124,0,53,13338.9,1829.2,1
125,0,25,1173.4,27.7,1
126,0,15,50.6,12.3,1
127,0,26,13.8,13.7,1
128,0,32,12.3,11.8,1
129,0,11,13.4,7.7,1
130,0,20,253.4,22.7,1
131,0,57,1936.9,104.9,1
132,0,21,268.7,23.0,1
133,0,53,13341.0,1831.7,1
134,0,26,1181.1,19.4,1
135,0,4,16.4,12.0,1
136,0,53,13345.2,1832.7,1
137,0,16,1107.0,16.9,1
138,0,0,14.0,12.2,1
139,0,22,255.2,20.5,1
140,0,21,809.0,44.1,1
141,0,33,17.8,15.5,1
142,0,27,14.2,12.1,1
143,0,1,13.8,12.6,1
144,0,10,15.3,13.9,1
145,0,43,50.0,13.7,1
146,0,18,281.1,15.3,1
147,0,21,255.2,21.8,1
148,0,14,29.9,12.6,1
149,0,48,1307.6,61.1,1
150,0,17,145.7,20.3,1
151,0,20,803.2,40.2,1
152,0,32,17.7,11.7,1
153,0,41,19.6,14.4,1
154,0,10,14.3,12.6,1
155,0,34,14.1,14.1,1
156,0,21,804.8,40.4,1
157,0,13,16.5,12.4,1
158,0,4,46.8,12.0,1
159,0,7,14.0,11.8,1
160,0,49,2625.6,140.2,1
161,0,37,42.9,11.9,1
162,0,39,16.1,12.8,1
163,0,7,37.2,14.0,1
164,0,48,1308.5,59.3,1
165,0,5,21.2,15.7,1
166,0,20,255.4,20.9,1
167,0,28,19.7,13.8,1
168,0,29,12.5,11.6,1
169,0,32,14.0,10.8,1
170,0,10,14.0,11.8,1
171,0,38,14.6,11.9,1
172,0,44,90.9,9.7,1
173,0,1,17.9,13.9,1
174,0,37,14.4,13.0,1
175,0,42,26.8,12.6,1
176,0,43,44.4,12.9,1
177,0,8,16.3,13.3,1
178,0,55,13340.7,1820.8,1
179,0,18,1028.2,10.7,1
180,0,21,253.4,19.8,1
181,0,17,148.7,10.1,1
182,0,10,15.8,14.5,1
183,0,5,15.6,15.3,1
184,0,35,14.1,14.1,1
185,0,53,13345.3,1826.7,1
186,0,17,1154.5,13.9,1
187,0,44,91.2,11.8,1
188,0,9,973.1,45.4,1
189,0,30,16.3,13.8,1
190,0,16,79.2,11.9,1
191,0,23,804.0,41.0,1
192,0,31,16.4,14.1,1
193,0,44,89.3,10.4,1
194,0,43,42.9,12.9,1
195,0,2,17.7,12.1,1
196,0,28,13.8,12.2,1
197,0,55,13338.9,1834.1,1
198,0,25,1090.1,24.2,1
199,0,57,1940.3,93.1,1
