adc,duty
0,400
161,51
441,1
690,10
907,21
1098,30
1265,38
1413,44
1542,51
1656,56
1757,60
1846,64
1925,68
1994,71
2055,74
2110,76
2159,78
2202,80
2240,82
2275,83
2305,85
2333,85
2357,87
2379,87
2399,88
2416,89
2432,89
2445,90
2457,91
2468,91
2478,91
2486,92
2494,92
2501,92
2506,93
2512,93
2517,93
2521,94
2526,93
2530,93
2533,94
2536,94
2539,94
2541,94
2544,94
2546,94
2547,95
2549,94
2551,94
2552,94
2553,94
2554,94
2554,95
2554,95
2555,94
2555,95
2555,95
2556,94
2556,95
2557,94
2557,95
2557,95
2558,94
2558,95
2558,95
2558,95
2559,94
2559,95
2559,95
2560,94
2560,95
2560,95
2560,95
2560,95
2561,94
2561,95
2561,95
2561,95
2562,94
2562,95
2561,95
2561,95
2562,94
2561,95
2561,95
2561,95
2561,95
2561,95
2562,94
2562,95
2562,95
2562,95
2562,95
2562,95
2562,95
2563,94
2563,95
2563,94
2562,95
2562,95
2562,95
2561,95
2561,95
2562,94
2561,95
2561,95
2561,95
2561,95
2561,95
2562,94
2561,95
2561,94
2561,94
2560,95
2559,95
2558,95
2558,95
2558,95
2558,95
2559,94
2559,95
2559,95
2559,95
2559,95
2560,94
2560,95
2560,95
2561,94
2561,95
2560,95
2561,94
2560,95
2560,95
2560,95
2560,95
2561,94
2560,95
2560,95
2560,95
2561,94
2561,95
2560,95
2560,95
2561,94
2560,95
2560,95
2560,95
2561,94
2560,95
2560,95
2560,95
2560,95
2561,94
2561,95
2561,95
2561,95
2561,94
2561,94
2560,95
2560,95
2559,95
2559,95
2559,95
2559,95
2560,94
2560,95
2560,95
2560,95
2561,94
2561,95
2561,94
2560,95
2560,95
2560,95
2560,95
2560,95
2560,95
2561,94
2561,94
2561,94
2560,95
2559,95
2558,95
2558,95
2558,95
2558,95
2559,94
2559,95
2559,95
2559,95
2559,95
2560,94
2560,95
2560,95
2561,94
2561,95
2561,95
2561,95
2561,95
2561,95
2562,94
2562,94
2561,95
2561,94
2560,95
2559,95
2559,95
2559,95
2559,95
2559,95
2559,95
2560,94
2560,95
2560,95
2560,95
2561,94
2561,95
2561,95
2561,95
2561,94
2561,94
2561,94
2560,95
2559,95
2558,95
2558,95
2557,95
2558,94
2557,95
2557,95
2557,95
2558,94
2558,95
2558,95
2558,95
2559,94
2559,95
2559,95
2560,94
2560,95
2560,95
2560,95
2560,95
2561,94
2561,95
2561,95
2561,95
2561,95
2562,94
2562,95
2562,95
2562,95
2562,95
2563,94
2562,95
2562,94
2562,94
2561,95
2560,95
2559,95
2559,95
2558,95
2559,94
2558,95
2558,95
2558,95
2558,95
2559,94
2559,95
2559,95
2559,95
2560,94
2560,95
2560,95
2560,95
2561,94
2561,95
2561,95
2561,95
2561,95
2562,94
2562,95
2562,94
2561,95
2561,95
2561,95
2561,95
2561,95
2561,95
2561,95
2562,94
2562,94
2561,95
2561,94
2560,95
2559,95
2559,95
2559,95
2559,95
2559,95
2705,30
2809,41
2869,55
2896,66
2897,75
2879,82
2847,88
2808,91
2764,94
2719,96
2675,97
2634,97
2598,96
2566,96
2539,95
2517,94
2499,93
2486,92
2476,92
2470,91
2468,90
2467,90
2469,89
2473,88
2477,88
2482,88
2487,88
2493,88
2499,88
2504,88
2510,88
2515,88
2520,88
2525,88
2529,88
2532,89
2535,89
2538,89
2540,89
2543,89
2545,89
2547,89
2548,89
2550,89
2550,90
2551,89
2552,89
2552,90
2552,90
2552,90
2553,89
2553,90
2554,89
2554,90
2554,90
2554,90
2555,89
2555,90
2555,90
2555,90
2556,90
2557,89
2557,90
2557,90
2557,90
2558,89
2558,90
2558,90
2558,90
2558,90
2558,90
2558,90
2559,90
2559,90
2560,89
2560,90
2560,90
2560,90
2560,90
2560,90
2561,89
2560,90
2560,90
2560,90
2559,90
2559,90
2559,90
2559,90
2559,90
2559,90
2559,90
2560,89
2559,90
2559,90
2559,90
2559,90
2559,90
2559,90
2559,90
2559,90
2560,90
2560,90
2560,90
2561,89
2561,90
2560,90
2560,90
2560,90
2560,90
2560,90
2560,90
2560,90
2561,89
2560,90
2560,90
2559,90
2559,90
2559,90
2559,90
2559,90
2559,90
2559,90
2559,90
2560,90
2560,90
2560,90
2561,90
2561,90
2562,89
2562,90
2561,90
2561,90
2561,90
2561,90
2561,90
2561,90
2561,90
2561,90
2561,90
2561,90
2561,90
2561,90
2562,89
2561,90
2561,90
2560,90
2560,90
2560,90
2559,90
2559,90
2559,90
2559,90
2559,90
2559,90
2560,89
2559,90
2559,90
2559,90
2559,90
2559,90
2559,90
2559,90
2559,90
2559,90
2560,90
2560,90
2560,90
2561,89
2561,90
2561,90
2561,90
2560,90
2560,90
2561,89
2560,90
2559,90
2559,90
2559,90
2558,90
2558,90
2558,90
2558,90
2558,90
2559,90
2559,90
2559,90
2560,90
2560,90
2561,90
2561,90
2562,89
2562,90
2562,90
2562,90
2562,90
2562,90
2561,90
2561,90
2561,90
2562,89
2419,153
2320,141
2269,125
2251,113
2257,105
2277,99
2306,96
2340,93
2376,92
2412,91
2446,91
2478,91
2506,91
2531,92
2553,92
2571,93
2586,93
2598,94
2608,94
2615,95
2620,95
2624,95
2625,96
2626,96
2626,96
2625,96
2624,96
2621,97
2619,96
2617,96
2614,96
2611,96
2608,96
2604,96
2601,96
2598,96
2595,96
2592,96
2590,95
2587,96
2584,96
2582,95
2580,95
2578,95
2576,95
2573,96
2571,96
2570,95
2569,95
2568,95
2568,95
2567,95
2566,95
2565,95
2565,95
2564,95
2564,95
2563,95
2563,95
2563,95
2563,95
2563,95
2564,94
2563,95
2563,95
2563,95
2563,95
2563,95
2563,95
2563,95
2563,95
2564,94
2564,95
2564,95
2563,95
2563,95
2564,94
2563,95
2563,95
2563,95
2562,95
2562,95
2563,94
2562,95
2562,95
2562,95
2562,95
2562,94
2562,94
2561,95
2560,95
2559,95
2559,95
2559,95
2559,95
2560,94
2559,95
2559,95
2560,94
2559,95
2559,95
2559,95
2560,94
2559,95
2559,95
2560,94
2559,95
2559,95
2559,95
2559,95
2560,94
2560,95
2560,95
2560,95
2560,95
2561,94
2561,95
2561,95
2561,95
2562,94
2561,95
2561,95
2561,95
2562,94
2561,95
2561,95
2561,95
2561,95
2561,95
2562,94
2562,94
2561,95
2560,95
2560,95
2560,95
2560,95
2560,95
2561,94
2560,95
2560,95
2561,94
2560,95
2560,95
2560,95
2560,95
2560,95
2561,94
2561,94
2560,95
2560,95
2560,95
2560,95
2560,95
2560,95
2561,94
2561,94
2560,95
2560,95
2560,95
2560,95
2560,95
2560,95
2561,94
2561,94
2560,95
2560,95
2560,95
2560,95
2560,95
2560,95
2561,94
2561,94
2560,95
2560,95
2560,95
2560,95
2560,95
2560,95
2561,94
2561,94
2560,95
2560,94
2559,95
2559,95
2558,95
2558,95
2558,95
2559,94
2559,95
2559,95
2559,95
2559,95
2560,94
2560,95
2560,95
2560,95
2561,94
2561,94
2560,95
2560,95
2548,100
2525,105
2497,109
2466,112
2436,113
2406,115
2380,115
2358,115
2339,115
2325,115
2314,115
2308,114
2305,114
2305,114
2308,114
2313,114
2321,113
2330,113
2340,113
2350,114
2362,113
2373,114
2385,114
2396,114
2407,115
2418,115
2429,115
2439,115
2448,116
2457,116
2465,116
2472,117
2479,117
2486,117
2492,117
2497,118
2502,118
2507,118
2511,118
2515,118
2518,119
2521,119
2524,119
2527,119
2529,119
2531,119
2533,119
2535,119
2536,120
2538,119
2539,120
2540,120
2541,120
2542,120
2544,120
2545,120
2546,120
2548,120
2549,120
2550,120
2551,120
2551,120
2552,120
2553,120
2553,120
2553,120
2553,120
2553,120
2553,120
2553,121
2553,121
2553,121
2554,120
2555,120
2555,121
2556,120
2556,121
2557,120
2558,120
2558,120
2558,120
2558,121
2558,121
2558,121
2558,121
2559,120
2560,120
2560,120
2560,120
2559,121
2559,120
2559,121
2559,121
2559,121
2559,121
2560,120
2560,120
2560,120
2560,120
2559,121
2559,121
2559,121
2559,121
2560,120
2560,120
2560,120
2559,121
2559,121
2559,121
2560,120
2560,121
2560,121
2560,121
2561,120
2561,120
2561,120
2561,120
2561,120
2560,121
2559,121
2559,121
2559,121
2559,121
2559,121
2560,120
2560,121
2561,120
2561,120
2561,120
2561,120
2560,121
2560,120
2559,121
2559,121
2558,121
2559,120
2559,121
2559,121
2559,121
2560,120
2560,121
2561,120
2561,120
2561,120
2560,121
2560,121
2560,121
2560,121
2561,120
2561,120
2561,120
2560,121
2560,120
2560,120
2559,121
2559,121
2558,121
2558,121
2559,120
2559,121
2559,121
2560,120
2560,121
2561,120
2561,120
2561,120
2560,121
2560,121
2560,121
2560,121
2560,121
2561,120
2561,120
2561,120
2561,120
2560,121
2560,121
2560,121
2560,121
2560,121
2561,120
2561,120
2561,120
2560,121
2560,120
2560,120
2559,121
2559,121
2559,121
2559,121
2559,121
2560,120
2560,121
2560,121
2561,120
2561,120
2562,120
2561,121
2561,120
2561,120
2595,105
2655,92
2726,84
2797,80
2861,80
2919,78
2967,79
3005,79
3034,80
3053,81
3066,81
3071,82
3070,82
3064,83
3053,83
3040,82
3023,83
3003,83
2983,82
2961,82
2938,82
2915,82
2892,81
2869,81
2847,80
2825,80
2803,80
2783,79
2764,79
2746,78
2728,78
2712,77
2696,78
2682,77
2668,77
2657,76
2645,76
2635,76
2625,76
2617,75
2609,75
2602,75
2595,75
2589,75
2584,74
2580,74
2575,75
2571,74
2568,74
2565,74
2563,74
2561,74
2559,74
2558,74
2557,74
2556,74
2556,73
2556,73
2555,74
2554,74
2554,74
2554,74
2555,73
2555,74
2555,74
2556,73
2557,73
2556,74
2556,74
2557,73
2557,74
2557,74
2557,74
2558,73
2558,74
2559,73
2559,74
2559,74
2559,74
2560,73
2560,74
2560,74
2560,74
2561,73
2561,73
2561,73
2559,74
2559,74
2558,74
2558,74
2558,74
2558,74
2559,73
2559,74
2560,73
2559,74
2559,74
2560,73
2559,74
2559,74
2559,74
2560,73
2560,74
2560,74
2560,74
2561,73
2561,74
2561,74
2561,74
2562,73
2562,73
2561,74
2560,74
2560,74
2560,74
2560,74
2561,73
2561,74
2561,73
2561,73
2559,74
2559,74
2558,74
2558,74
2558,74
2559,73
2559,74
2559,74
2559,74
2560,73
2560,74
2560,74
2561,73
2561,74
2561,74
2561,74
2561,74
2562,73
2562,73
2562,73
2560,74
2559,74
2559,74
2558,74
2558,74
2559,73
2559,74
2559,74
2559,74
2559,74
2560,73
2560,74
2561,73
2561,74
2560,74
2561,73
2560,74
2560,74
2560,74
2560,74
2561,73
2561,74
2561,74
2561,74
2562,73
2562,73
2561,74
2560,74
2560,74
2560,74
2560,74
2561,73
2561,73
2560,74
2560,74
2559,74
2559,74
2560,73
2560,74
2560,74
2560,74
2560,74
2561,73
2561,73
2561,73
2559,74
2559,74
2558,74
2558,74
2558,74
2559,73
2558,74
2559,73
2558,74
2558,74
2558,74
2559,73
2559,74
2559,74
2559,74
2547,79
2525,84
2498,87
2469,90
2442,90
2416,92
2395,91
2376,92
2362,91
2351,91
2344,91
2340,91
2340,90
2342,90
2346,90
2351,90
2359,89
2367,90
2375,90
2385,90
2394,90
2404,90
2414,90
2423,91
2432,91
2442,91
2450,92
2459,91
2468,91
2475,92
2482,92
2488,93
2494,93
2501,92
2506,93
2511,93
2516,93
2520,93
2524,93
2527,94
2530,94
2533,94
2536,94
2539,94
2541,94
2544,94
2546,94
2548,94
2549,94
2550,94
2551,94
2551,95
2552,95
2553,95
2554,94
2555,94
2555,95
2556,94
2556,95
2556,95
2557,94
2557,95
2558,94
2558,95
2558,95
2558,95
2559,94
2559,95
2559,95
2559,95
2560,94
2560,95
2560,95
2560,95
2561,94
2561,95
2561,95
2561,95
2561,95
2562,94
2562,95
2562,95
2562,95
2562,95
2562,95
2563,94
2563,95
2563,95
2563,95
2563,95
2563,95
2563,95
2564,94
2563,95
2563,94
2563,94
2562,95
2561,95
2560,95
2559,95
2559,95
2559,95
2559,95
2559,95
2560,94
2560,95
2560,95
2560,95
2561,94
2561,95
2561,95
2561,95
2561,95
2561,95
2562,94
2562,94
2562,94
2561,95
2560,95
2559,95
2559,95
2559,95
2559,95
2559,95
2559,95
2560,94
2560,95
2560,95
2561,94
2561,95
2561,95
2561,95
2561,95
2561,95
2562,94
2562,94
2561,95
2561,94
2560,95
2559,95
2559,95
2559,95
2559,95
2559,95
2559,95
2560,94
2560,95
2560,95
2560,95
2561,94
2561,95
2561,95
2561,95
2561,95
2562,94
2562,94
2561,95
2561,94
2560,95
2559,95
2559,95
2558,95
2558,95
2559,94
2558,95
2558,95
2559,94
2558,95
2558,95
2558,95
2559,94
2559,95
2559,95
2559,95
2559,95
2560,94
2560,95
2560,95
2561,94
2560,95
2560,95
2561,94
2560,95
2560,95
2560,95
2560,95
2560,95
2561,94
2561,95
2561,95
2561,95
2561,95
2562,94
2562,94
2561,95
2561,95
2560,95
2560,95
2560,95
