vin,iout,part,duty,vo,vo_ripple_mv,il_avg,il_pp,il_peak,vsw_max,eff,pout,pin
22,0.3,cold,0.194,5.0002,15.9901,0.3,0.7594,0.745,22.4487,94.5541,1.5001,1.5865
22,0.3,typ,0.1941,5.0001,11.9715,0.3,0.7593,0.7449,22.6229,94.5324,1.5,1.5868
22,0.3,hot,0.1942,4.9999,11.9722,0.3,0.7594,0.7449,22.8933,94.4268,1.5,1.5885
22,3.0,cold,0.2438,5.0,17.6658,3.0,0.9399,3.4704,22.5267,92.3956,14.9999,16.2345
22,3.0,typ,0.2447,5.0,13.0672,2.9999,0.9403,3.4705,22.729,92.059,14.9997,16.2935
22,3.0,hot,0.2463,5.0001,13.0779,3.0,0.9414,3.4711,23.0368,91.4448,15.0001,16.4034
28,0.3,cold,0.1425,5.0001,16.6075,0.3,0.7839,0.7695,28.4469,94.1994,1.5001,1.5925
28,0.3,typ,0.1426,5.0002,12.6323,0.3,0.7839,0.7695,28.627,94.1808,1.5001,1.5928
28,0.3,hot,0.1427,5.0001,12.6336,0.3,0.784,0.7696,28.9083,94.0828,1.5,1.5944
28,3.0,cold,0.1916,4.9997,19.4635,2.9998,1.0048,3.5028,28.4928,92.115,14.9981,16.2819
28,3.0,typ,0.1923,4.9998,14.0946,2.9998,1.0057,3.5032,28.8595,91.8204,14.9986,16.3347
28,3.0,hot,0.1934,4.9999,14.1163,2.9999,1.0075,3.5042,29.2315,91.2719,14.9991,16.4334
36,0.3,cold,0.11,4.9999,17.8682,0.2999,0.8035,0.7891,36.7697,93.5501,1.4999,1.6033
36,0.3,typ,0.11,5.0,13.2436,0.3,0.8032,0.7888,37.0769,93.5155,1.5,1.604
36,0.3,hot,0.1101,4.9998,13.2054,0.3,0.8033,0.7889,37.56,93.4282,1.4999,1.6054
36,3.0,cold,0.149,4.9999,21.0009,2.9999,1.0579,3.5296,36.7264,91.875,14.9992,16.3257
36,3.0,typ,0.1494,5.0001,15.0185,3.0,1.0592,3.5302,37.0135,91.6138,15.0001,16.3732
36,3.0,hot,0.1502,5.0,15.0482,2.9999,1.0616,3.5314,37.4613,91.1205,14.9997,16.4613
